filename,class,confidence,xmin,ymin,xmax,ymax
sample_00002.jpg,crescent_gap,0.76,726.0238037109375,424.76513671875,984.8082275390625,987.6209106445312
sample_00002.jpg,welding_line,0.67,918.5411987304688,654.1612548828125,2048.0,736.44287109375
sample_00014.jpg,inclusion,0.71,1495.9154052734375,24.22900390625,1724.166259765625,605.4080810546875
sample_00017.jpg,water_spot,0.63,41.33246994018555,319.92633056640625,159.4744415283203,462.497314453125
sample_00017.jpg,inclusion,0.61,1524.0054931640625,179.9521026611328,1695.8167724609375,611.9688110351562
sample_00024.jpg,silk_spot,0.78,1032.0147705078125,66.52275085449219,1296.05908203125,949.64453125
sample_00025.jpg,silk_spot,0.72,631.4815673828125,127.0840835571289,881.60498046875,803.63330078125
sample_00048.jpg,waist_folding,0.85,1118.5537109375,91.34346008300781,1725.789306640625,959.1619262695312
sample_00052.jpg,inclusion,0.34,1539.388427734375,157.16287231445312,1615.667236328125,219.5902099609375
sample_00052.jpg,inclusion,0.3,1442.6851806640625,261.1276550292969,1519.588623046875,323.44110107421875
sample_00052.jpg,inclusion,0.26,1547.7303466796875,162.19882202148438,1601.9278564453125,212.4955596923828
sample_00052.jpg,inclusion,0.25,1451.238525390625,265.1898498535156,1513.000244140625,317.619140625
sample_00064.jpg,silk_spot,0.63,807.1962890625,26.134668350219727,1273.737060546875,807.4771728515625
sample_00066.jpg,crescent_gap,0.71,76.19145202636719,11.570165634155273,377.4827575683594,454.4212951660156
sample_00066.jpg,welding_line,0.62,304.59100341796875,111.62632751464844,2031.706298828125,181.82545471191406
sample_00066.jpg,punching_hole,0.54,2022.6767578125,306.8362731933594,2048.0,356.37237548828125
sample_00077.jpg,silk_spot,0.76,818.3971557617188,35.5740966796875,1285.779052734375,782.0628051757812
sample_00088.jpg,silk_spot,0.71,65.73121643066406,82.12471008300781,221.8169708251953,396.24468994140625
sample_00092.jpg,punching_hole,0.76,61.1739387512207,181.42123413085938,177.80117797851562,247.59164428710938
sample_00092.jpg,welding_line,0.5,0.0,0.0,2048.0,71.30486297607422
sample_00097.jpg,water_spot,0.89,1555.3033447265625,746.3772583007812,1775.017333984375,998.1491088867188
sample_00107.jpg,silk_spot,0.85,427.3975524902344,58.61211013793945,987.6790771484375,910.8814697265625
sample_00119.jpg,rolled_pit,0.83,1351.702392578125,219.4612274169922,1559.8643798828125,358.2979431152344
sample_00128.jpg,silk_spot,0.54,636.3082885742188,160.2034149169922,896.1778564453125,854.2938232421875
sample_00139.jpg,crescent_gap,0.68,1356.1402587890625,518.8572387695312,1592.6038818359375,996.7156982421875
sample_00139.jpg,welding_line,0.61,1527.858642578125,804.4317626953125,2046.918701171875,884.2314453125
sample_00144.jpg,crescent_gap,0.81,31.352489471435547,601.8947143554688,380.2190856933594,992.4945068359375
sample_00156.jpg,oil_spot,0.96,450.05096435546875,0.0,868.3353271484375,998.0931396484375
sample_00168.jpg,oil_spot,0.91,1411.584228515625,654.1160278320312,1660.8148193359375,990.19921875
sample_00169.jpg,crescent_gap,0.88,847.6863403320312,742.4122314453125,1064.887939453125,999.05224609375
sample_00169.jpg,silk_spot,0.31,1483.8028564453125,59.47050857543945,1936.376953125,947.7400512695312
sample_00173.jpg,silk_spot,0.81,973.3070068359375,41.483985900878906,1442.588134765625,861.88037109375
sample_00174.jpg,silk_spot,0.8,878.9654541015625,20.2890625,1464.021240234375,890.1383056640625
sample_00177.jpg,silk_spot,0.49,1320.608642578125,231.32748413085938,1534.932373046875,509.7229919433594
sample_00177.jpg,silk_spot,0.4,1533.818359375,22.950952529907227,1630.86328125,160.3456268310547
sample_00177.jpg,silk_spot,0.33,1212.100341796875,47.840919494628906,1536.6607666015625,511.1592712402344
sample_00177.jpg,silk_spot,0.31,1244.7271728515625,202.3384246826172,1536.2239990234375,513.1348876953125
sample_00181.jpg,inclusion,0.42,278.291259765625,648.8611450195312,367.2652893066406,715.3497924804688
sample_00181.jpg,inclusion,0.29,283.20379638671875,214.7655029296875,352.12347412109375,271.65032958984375
sample_00191.jpg,water_spot,0.91,1106.376708984375,370.7257995605469,1358.5443115234375,702.8865356445312
sample_00194.jpg,water_spot,0.84,1740.716064453125,436.938232421875,1925.712158203125,704.1000366210938
sample_00220.jpg,oil_spot,0.28,420.1094665527344,144.16143798828125,466.7740173339844,241.26669311523438
sample_00220.jpg,inclusion,0.27,413.140625,20.335987091064453,469.1968688964844,243.0288543701172
sample_00222.jpg,punching_hole,0.78,1841.1646728515625,606.27587890625,1951.831787109375,669.4569091796875
sample_00222.jpg,welding_line,0.7,12.334765434265137,425.5193786621094,2039.8070068359375,517.1602172851562
sample_00239.jpg,oil_spot,0.47,24.617380142211914,807.3449096679688,126.67158508300781,887.1842041015625
sample_00241.jpg,water_spot,0.88,1644.026123046875,705.5017700195312,1980.9769287109375,994.49609375
sample_00252.jpg,rolled_pit,0.59,0.0,162.5125274658203,121.4378433227539,254.2476806640625
sample_00252.jpg,rolled_pit,0.3,1305.8037109375,262.4488220214844,1394.0638427734375,318.4886779785156
sample_00252.jpg,rolled_pit,0.29,1158.7138671875,385.9693298339844,1323.193359375,476.95654296875
sample_00265.jpg,waist_folding,0.78,1044.969970703125,105.71672058105469,1670.6693115234375,917.7760620117188
sample_00271.jpg,punching_hole,0.79,95.5648193359375,205.78140258789062,210.18508911132812,275.6720275878906
sample_00271.jpg,welding_line,0.63,0.0,20.485498428344727,2048.0,113.2563247680664
sample_00278.jpg,oil_spot,0.49,631.9932861328125,458.57452392578125,766.4058227539062,565.8787841796875
sample_00278.jpg,water_spot,0.29,631.7380981445312,452.3515625,766.9421997070312,569.1927490234375
sample_00282.jpg,punching_hole,0.72,2009.852783203125,457.19854736328125,2047.860595703125,518.4354248046875
sample_00282.jpg,crescent_gap,0.46,0.2897582948207855,13.615575790405273,160.38748168945312,559.76171875
sample_00282.jpg,welding_line,0.37,47.261329650878906,284.41650390625,2047.8359375,357.9247131347656
sample_00282.jpg,welding_line,0.27,75.95625305175781,0.0,2048.0,50.001129150390625
sample_00293.jpg,oil_spot,0.36,584.2219848632812,665.0060424804688,674.3430786132812,743.2628784179688
sample_00302.jpg,silk_spot,0.29,0.17031249403953552,91.91767883300781,434.61541748046875,839.1082153320312
sample_00305.jpg,silk_spot,0.6,70.90269470214844,628.6810302734375,419.2960510253906,884.0953979492188
sample_00305.jpg,silk_spot,0.41,77.30302429199219,104.45216369628906,350.351318359375,506.4834899902344
sample_00305.jpg,silk_spot,0.28,73.67586517333984,107.9271469116211,393.6685485839844,877.7783203125
sample_00312.jpg,oil_spot,0.86,630.2159423828125,693.92626953125,830.47998046875,903.7509765625
sample_00312.jpg,oil_spot,0.51,582.3446044921875,433.28515625,668.3812866210938,705.1751098632812
sample_00312.jpg,oil_spot,0.45,838.1588134765625,133.02285766601562,901.9888916015625,326.9170837402344
sample_00312.jpg,oil_spot,0.36,595.1197509765625,198.34194946289062,651.4396362304688,332.4078674316406
sample_00312.jpg,oil_spot,0.26,582.8743286132812,190.6062774658203,673.22998046875,345.2230224609375
sample_00314.jpg,crescent_gap,0.93,365.9541931152344,168.37393188476562,844.2193603515625,983.4500122070312
sample_00314.jpg,welding_line,0.66,1.2275879383087158,677.58837890625,453.704833984375,761.6458129882812
sample_00321.jpg,oil_spot,0.88,1559.9805908203125,148.48989868164062,1798.659423828125,372.87359619140625
sample_00325.jpg,crescent_gap,0.54,154.5751190185547,859.3064575195312,345.31036376953125,1000.0
sample_00325.jpg,crescent_gap,0.48,72.58238220214844,860.9132690429688,350.34906005859375,1000.0
sample_00330.jpg,crescent_gap,0.76,319.38555908203125,311.2383117675781,569.7512817382812,871.3966674804688
sample_00330.jpg,welding_line,0.56,0.6407470703125,517.4461669921875,385.6266784667969,604.38330078125
sample_00330.jpg,welding_line,0.28,0.0,523.6563720703125,382.4426574707031,586.0828857421875
sample_00333.jpg,punching_hole,0.79,1829.7171630859375,742.5247192382812,1943.7249755859375,807.0830078125
sample_00333.jpg,welding_line,0.39,77.2853012084961,563.3758544921875,1612.4615478515625,629.0447998046875
sample_00333.jpg,welding_line,0.33,11.736328125,0.0,2048.0,47.770606994628906
sample_00337.jpg,water_spot,0.35,691.8896484375,650.6021118164062,1705.1572265625,779.5084228515625
sample_00339.jpg,oil_spot,0.51,1578.3050537109375,609.8173828125,1719.8050537109375,719.58984375
sample_00339.jpg,oil_spot,0.29,1543.058349609375,327.1527404785156,1623.5634765625,403.7715759277344
sample_00344.jpg,punching_hole,0.72,1855.8441162109375,76.44483947753906,1964.364501953125,138.75721740722656
sample_00362.jpg,water_spot,0.89,1944.7777099609375,368.1034851074219,2048.0,550.3701171875
sample_00362.jpg,water_spot,0.51,1781.8668212890625,255.01651000976562,1870.989501953125,396.6986389160156
sample_00368.jpg,silk_spot,0.58,1647.517578125,479.29656982421875,1873.587158203125,812.3263549804688
sample_00368.jpg,silk_spot,0.47,1639.5552978515625,48.40937423706055,1877.3896484375,798.4436645507812
sample_00369.jpg,crescent_gap,0.74,388.3604431152344,274.85272216796875,610.4033203125,802.6971435546875
sample_00369.jpg,welding_line,0.72,556.9215087890625,477.7806701660156,2048.0,547.3480224609375
sample_00375.jpg,welding_line,0.46,864.9142456054688,676.1544189453125,2032.6363525390625,766.4873657226562
sample_00375.jpg,crease,0.43,447.4256896972656,677.4814453125,949.0226440429688,747.0626831054688
sample_00379.jpg,silk_spot,0.82,1031.5001220703125,50.21845626831055,1325.6944580078125,870.7017822265625
sample_00381.jpg,rolled_pit,0.47,1541.690185546875,165.51869201660156,1928.759033203125,374.0408630371094
sample_00381.jpg,rolled_pit,0.36,14.0198974609375,231.48876953125,288.7666320800781,367.04278564453125
sample_00393.jpg,punching_hole,0.78,1853.371826171875,79.41069030761719,1963.2711181640625,142.1096954345703
sample_00393.jpg,waist_folding,0.48,13.863672256469727,86.44462585449219,1792.744873046875,958.6787109375
sample_00396.jpg,oil_spot,0.57,870.0035400390625,198.443359375,955.7722778320312,325.94561767578125
sample_00396.jpg,oil_spot,0.5,866.1859130859375,618.6022338867188,959.9050903320312,702.7196044921875
sample_00406.jpg,silk_spot,0.73,0.0,564.2427978515625,293.79742431640625,940.078125
sample_00408.jpg,punching_hole,0.73,71.57432556152344,64.3579330444336,177.77020263671875,122.0160903930664
sample_00421.jpg,water_spot,0.91,1126.2418212890625,217.5890655517578,1482.5706787109375,642.4451293945312
sample_00424.jpg,silk_spot,0.61,1657.942138671875,74.443359375,1967.8125,697.3316650390625
sample_00454.jpg,crescent_gap,0.83,1700.6402587890625,420.3330078125,1974.473388671875,993.0491943359375
sample_00454.jpg,welding_line,0.53,1885.19921875,737.6251220703125,2048.0,809.7095947265625
sample_00454.jpg,welding_line,0.31,1923.0426025390625,745.0582885742188,2047.0120849609375,811.0819091796875
sample_00457.jpg,punching_hole,0.7,99.06904602050781,43.8716926574707,205.29293823242188,103.16893005371094
sample_00457.jpg,welding_line,0.6,23.416015625,0.0,2032.2086181640625,62.38248825073242
sample_00467.jpg,silk_spot,0.49,177.77072143554688,50.04668045043945,866.8287353515625,875.8406372070312
sample_00467.jpg,silk_spot,0.35,374.26971435546875,51.8719482421875,865.4376831054688,856.1641845703125
sample_00491.jpg,water_spot,0.86,456.9365234375,29.903614044189453,838.9710693359375,977.6705322265625
sample_00511.jpg,crescent_gap,0.79,775.2058715820312,245.7751007080078,1011.2874755859375,801.0924682617188
sample_00511.jpg,welding_line,0.71,962.4119262695312,493.3799743652344,2048.0,548.9000244140625
sample_00530.jpg,oil_spot,0.38,433.85711669921875,14.222674369812012,470.5174865722656,84.69033813476562
sample_00530.jpg,oil_spot,0.33,429.87908935546875,147.7861785888672,476.6685485839844,186.21640014648438
sample_00548.jpg,punching_hole,0.7,0.0,185.43447875976562,33.29987716674805,244.3125
sample_00548.jpg,welding_line,0.48,5.882226467132568,0.0,2048.0,72.3863754272461
sample_00548.jpg,punching_hole,0.36,0.2855285704135895,183.85104370117188,44.34241485595703,247.36770629882812
sample_00556.jpg,oil_spot,0.95,288.5096740722656,20.983203887939453,483.88067626953125,989.2164306640625
sample_00559.jpg,crescent_gap,0.78,1123.401123046875,8.106836318969727,1527.6151123046875,292.38812255859375
sample_00565.jpg,silk_spot,0.64,1756.099609375,494.40948486328125,1919.3284912109375,772.3512573242188
sample_00566.jpg,silk_spot,0.76,818.0740356445312,48.21826171875,1328.4501953125,805.0364379882812
sample_00567.jpg,water_spot,0.9,120.9400405883789,127.2717056274414,588.6961669921875,876.7697143554688
sample_00581.jpg,silk_spot,0.72,3.0577635765075684,35.57744216918945,698.0791625976562,628.8848876953125
sample_00581.jpg,punching_hole,0.7,1842.962158203125,833.4937744140625,1950.494140625,892.0758056640625
sample_00581.jpg,welding_line,0.61,0.0,644.5491333007812,2046.085205078125,746.6213989257812
sample_00595.jpg,oil_spot,0.86,282.92437744140625,2.8587889671325684,480.6997985839844,506.15283203125
sample_00598.jpg,oil_spot,0.85,1809.951904296875,183.28077697753906,1982.799560546875,405.83612060546875
sample_00599.jpg,silk_spot,0.86,1071.5181884765625,64.5391616821289,1390.400146484375,905.6737060546875
sample_00601.jpg,waist_folding,0.35,1621.291748046875,60.49433517456055,2044.7679443359375,966.5675659179688
sample_00601.jpg,waist_folding,0.25,1745.1044921875,55.541603088378906,2046.7611083984375,976.7595825195312
sample_00605.jpg,water_spot,0.89,1311.003173828125,739.3648681640625,1552.232421875,993.0120849609375
sample_00609.jpg,welding_line,0.7,766.2408447265625,882.9671630859375,2046.795166015625,948.6804809570312
sample_00613.jpg,water_spot,0.54,1094.8251953125,832.0438232421875,1280.0552978515625,988.9166870117188
sample_00625.jpg,water_spot,0.89,273.3629150390625,30.702539443969727,572.7109375,979.7721557617188
sample_00631.jpg,silk_spot,0.73,1741.670654296875,717.7227783203125,1910.864501953125,928.7135620117188
sample_00631.jpg,silk_spot,0.46,1790.9176025390625,40.223388671875,1911.359375,296.8948669433594
sample_00631.jpg,silk_spot,0.3,1768.441650390625,578.060546875,1916.1693115234375,930.9295654296875
sample_00631.jpg,silk_spot,0.28,1733.267333984375,626.9207763671875,1913.2587890625,932.3756103515625
sample_00642.jpg,silk_spot,0.37,1745.427734375,364.5430603027344,1909.203125,830.2556762695312
sample_00642.jpg,silk_spot,0.34,1739.7132568359375,485.07061767578125,1908.672607421875,818.7386474609375
sample_00646.jpg,oil_spot,0.61,1541.687255859375,901.3883056640625,1627.261474609375,979.0511474609375
sample_00646.jpg,oil_spot,0.56,1539.523681640625,715.6156005859375,1635.1654052734375,802.2410888671875
sample_00646.jpg,oil_spot,0.55,1545.521728515625,265.12542724609375,1706.7174072265625,385.56011962890625
sample_00646.jpg,oil_spot,0.5,1617.5380859375,492.72369384765625,1696.404541015625,563.7416381835938
sample_00646.jpg,oil_spot,0.35,1608.3438720703125,140.74685668945312,1682.4625244140625,260.1283264160156
sample_00646.jpg,oil_spot,0.26,1426.653076171875,142.7071075439453,1490.7421875,217.3355712890625
sample_00649.jpg,inclusion,0.26,1668.7445068359375,640.40234375,1743.9710693359375,800.1681518554688
sample_00659.jpg,silk_spot,0.72,817.7704467773438,41.054786682128906,1475.310791015625,882.3054809570312
sample_00662.jpg,welding_line,0.71,4.319433689117432,743.9039306640625,1202.431640625,806.7155151367188
sample_00662.jpg,water_spot,0.68,770.7833251953125,143.3722686767578,892.81396484375,265.1243591308594
sample_00666.jpg,silk_spot,0.68,866.4392700195312,57.4273681640625,1257.3583984375,775.4560546875
sample_00667.jpg,crescent_gap,0.87,104.9844741821289,7.195703029632568,682.5445556640625,678.7847900390625
sample_00667.jpg,welding_line,0.53,0.0,37.79553985595703,232.5720977783203,107.93135833740234
sample_00671.jpg,water_spot,0.94,1508.6845703125,499.8251953125,1883.6959228515625,896.1331787109375
sample_00683.jpg,silk_spot,0.3,1833.700439453125,555.0159912109375,1966.2105712890625,979.7587890625
sample_00683.jpg,silk_spot,0.28,1827.635986328125,262.1353454589844,1943.1640625,974.6224365234375
sample_00683.jpg,silk_spot,0.26,1832.422119140625,64.69990539550781,1950.609130859375,475.24481201171875
sample_00684.jpg,crescent_gap,0.72,1468.447265625,7.9451904296875,1718.668212890625,278.515380859375
sample_00684.jpg,welding_line,0.61,0.0,0.0,1616.2010498046875,53.44579315185547
sample_00685.jpg,silk_spot,0.51,1148.000732421875,135.72976684570312,1368.4976806640625,862.6072998046875
sample_00704.jpg,silk_spot,0.74,465.8804626464844,0.0,1198.123291015625,855.2474365234375
sample_00715.jpg,crescent_gap,0.88,847.0642700195312,714.1798706054688,1069.472412109375,1000.0
sample_00715.jpg,welding_line,0.51,960.7941284179688,939.9918212890625,2048.0,1000.0
sample_00715.jpg,welding_line,0.45,987.5437622070312,959.5482177734375,2044.7445068359375,1000.0
sample_00717.jpg,silk_spot,0.81,1829.974365234375,557.0584106445312,2011.427490234375,932.3197021484375
sample_00718.jpg,punching_hole,0.74,77.02417755126953,90.50813293457031,186.54263305664062,154.8861541748047
sample_00718.jpg,welding_line,0.33,0.0,0.0,2016.5113525390625,54.32347869873047
sample_00718.jpg,welding_line,0.28,1.435546875,944.0359497070312,2025.207763671875,1000.0
sample_00723.jpg,silk_spot,0.43,1757.9222412109375,586.814453125,1915.7066650390625,912.4033203125
sample_00723.jpg,silk_spot,0.42,1778.6480712890625,216.26687622070312,1922.791015625,918.9119873046875
sample_00723.jpg,silk_spot,0.4,1819.1595458984375,105.83287048339844,1920.881103515625,499.611083984375
sample_00731.jpg,welding_line,0.71,0.0,226.601318359375,845.7421875,307.07989501953125
sample_00746.jpg,punching_hole,0.69,1850.256591796875,36.37767791748047,1956.522216796875,87.24232482910156
sample_00746.jpg,welding_line,0.3,24.852733612060547,0.0,1994.182861328125,57.113800048828125
sample_00750.jpg,water_spot,0.83,1259.0247802734375,582.5504150390625,1421.068115234375,807.0462036132812
sample_00750.jpg,water_spot,0.4,1196.2310791015625,411.4657287597656,1283.8037109375,510.02862548828125
sample_00756.jpg,inclusion,0.42,853.1203002929688,667.5107421875,917.7679443359375,866.9513549804688
sample_00756.jpg,inclusion,0.3,829.1982421875,664.1160888671875,925.1689453125,874.1839599609375
sample_00756.jpg,inclusion,0.26,611.4298095703125,803.0266723632812,814.3186645507812,1000.0
sample_00768.jpg,silk_spot,0.73,803.1476440429688,22.666015625,1357.0308837890625,832.5667724609375
sample_00776.jpg,water_spot,0.9,1236.542724609375,481.66131591796875,1548.653076171875,805.3840942382812
sample_00802.jpg,crescent_gap,0.81,690.3524169921875,709.2501220703125,944.4508056640625,1000.0
sample_00802.jpg,welding_line,0.43,1.72119140625,957.0816650390625,786.0426025390625,1000.0
sample_00808.jpg,silk_spot,0.31,1769.817138671875,23.607330322265625,1902.2203369140625,203.270751953125
sample_00808.jpg,silk_spot,0.28,1761.1148681640625,31.280101776123047,1903.2144775390625,340.8349914550781
sample_00813.jpg,welding_line,0.52,1.4451172351837158,206.5021209716797,2041.037109375,303.4320983886719
sample_00814.jpg,silk_spot,0.62,817.968505859375,43.449363708496094,1403.4208984375,800.9937133789062
sample_00818.jpg,welding_line,0.49,4.550341606140137,730.95751953125,632.3397216796875,790.5750732421875
sample_00818.jpg,welding_line,0.44,486.3251953125,727.9298706054688,2047.359375,795.8289794921875
sample_00818.jpg,welding_line,0.25,12.277636528015137,735.8043823242188,667.0597534179688,778.9573974609375
sample_00824.jpg,waist_folding,0.87,143.04647827148438,83.7630844116211,1858.966796875,980.9422607421875
sample_00840.jpg,welding_line,0.75,0.0,724.8240356445312,1978.40625,811.5564575195312
sample_00840.jpg,punching_hole,0.68,59.66242218017578,906.6715087890625,183.3636016845703,976.1912231445312
sample_00840.jpg,crescent_gap,0.59,1906.258544921875,416.9825134277344,2048.0,973.5651245117188
sample_00842.jpg,silk_spot,0.62,1788.66796875,642.900390625,1919.1265869140625,916.2911987304688
sample_00843.jpg,silk_spot,0.63,929.9171752929688,27.06591796875,1639.179931640625,854.73095703125
sample_00845.jpg,waist_folding,0.78,48.975975036621094,0.0,1749.4605712890625,996.2039184570312
sample_00848.jpg,punching_hole,0.8,1844.7650146484375,755.2197265625,1957.339599609375,815.47265625
sample_00848.jpg,welding_line,0.58,1.518945336341858,575.3517456054688,2041.246826171875,660.7523193359375
sample_00852.jpg,silk_spot,0.78,900.5714721679688,32.56865310668945,1367.9683837890625,767.4775390625
sample_00855.jpg,water_spot,0.98,1128.968505859375,584.0809326171875,1587.337646484375,997.9866333007812
sample_00855.jpg,silk_spot,0.35,1269.9827880859375,68.80293273925781,1632.6976318359375,570.8052978515625
sample_00885.jpg,silk_spot,0.76,1062.592529296875,100.4842758178711,1321.010986328125,845.5120849609375
sample_00887.jpg,crescent_gap,0.69,467.4759826660156,162.53536987304688,747.1256103515625,744.6320190429688
sample_00887.jpg,welding_line,0.54,0.37089842557907104,441.2281188964844,536.4266357421875,540.9918212890625
sample_00894.jpg,punching_hole,0.76,2001.7974853515625,654.2904052734375,2047.5396728515625,710.3614501953125
sample_00894.jpg,welding_line,0.38,128.7072296142578,474.966552734375,1663.5931396484375,540.024169921875
sample_00894.jpg,welding_line,0.35,10.883593559265137,471.78399658203125,2044.125732421875,554.724609375
sample_00902.jpg,punching_hole,0.7,1998.906982421875,946.3997802734375,2047.715576171875,1000.0
sample_00902.jpg,oil_spot,0.55,1153.960693359375,0.0,1573.8939208984375,164.33535766601562
sample_00902.jpg,welding_line,0.49,2.673046827316284,773.586669921875,2037.7476806640625,865.3269653320312
sample_00902.jpg,rolled_pit,0.44,89.88240051269531,6.742114067077637,314.4226989746094,228.28176879882812
sample_00902.jpg,punching_hole,0.39,1991.522216796875,935.5826416015625,2048.0,1000.0
sample_00902.jpg,rolled_pit,0.35,1934.618408203125,7.418871879577637,2047.236328125,161.6783447265625
sample_00902.jpg,welding_line,0.32,242.15585327148438,0.0,1316.6221923828125,36.67243194580078
sample_00904.jpg,water_spot,0.78,483.08233642578125,525.7610473632812,646.90478515625,786.1178588867188
sample_00916.jpg,water_spot,0.93,1239.2896728515625,70.92167663574219,1642.3157958984375,471.76953125
sample_00917.jpg,punching_hole,0.72,58.0225944519043,340.6581115722656,181.58473205566406,409.23675537109375
sample_00917.jpg,welding_line,0.71,0.0,168.45834350585938,2040.033935546875,255.4818878173828
sample_00920.jpg,welding_line,0.75,11.253515243530273,813.8107299804688,2048.0,905.2232666015625
sample_00924.jpg,silk_spot,0.7,1048.5872802734375,100.14472961425781,1315.0482177734375,866.76171875
sample_00949.jpg,inclusion,0.33,1554.879638671875,255.8896026611328,1671.4886474609375,488.52813720703125
sample_00953.jpg,silk_spot,0.38,666.0743408203125,199.5789031982422,906.8885498046875,760.9169921875
sample_00967.jpg,welding_line,0.71,0.3802734315395355,809.2071533203125,2044.2581787109375,904.1531982421875
sample_00971.jpg,water_spot,0.49,387.8531188964844,268.9720764160156,745.4890747070312,949.3297119140625
sample_00973.jpg,punching_hole,0.77,1983.4554443359375,652.7566528320312,2048.0,712.5963134765625
sample_00973.jpg,welding_line,0.39,0.0,466.84326171875,2041.490966796875,556.0322265625
sample_00975.jpg,punching_hole,0.81,1991.9742431640625,617.5078125,2047.922607421875,678.3742065429688
sample_00975.jpg,welding_line,0.52,40.09160232543945,439.08526611328125,2048.0,506.4073181152344
sample_00975.jpg,crescent_gap,0.28,0.0,131.74404907226562,85.13944244384766,705.4212646484375
sample_00978.jpg,waist_folding,0.79,355.73907470703125,68.95585632324219,1159.1590576171875,946.7906494140625
sample_00982.jpg,inclusion,0.51,1959.2327880859375,88.7718734741211,2048.0,979.8386840820312
sample_00982.jpg,inclusion,0.5,1541.158935546875,382.07989501953125,1635.789794921875,596.6568603515625
sample_00982.jpg,inclusion,0.48,1484.263916015625,41.139892578125,1639.420654296875,603.2319946289062
sample_00982.jpg,inclusion,0.37,1499.732421875,362.26837158203125,1636.6461181640625,605.6064453125
sample_00995.jpg,water_spot,0.57,666.2449340820312,835.9625244140625,784.4612426757812,988.8250122070312
sample_01015.jpg,crescent_gap,0.82,1284.3841552734375,178.80722045898438,1585.050048828125,777.9794921875
sample_01015.jpg,welding_line,0.72,4.267675876617432,451.2372131347656,1327.6873779296875,519.6466064453125
sample_01017.jpg,oil_spot,0.98,432.66583251953125,0.0,806.9620971679688,1000.0
sample_01017.jpg,oil_spot,0.33,387.0419921875,259.0497131347656,443.5616149902344,404.9176330566406
sample_01017.jpg,inclusion,0.29,1962.9935302734375,772.0740966796875,2043.261962890625,833.4446411132812
sample_01018.jpg,welding_line,0.47,1.9259765148162842,847.5958862304688,2039.850830078125,951.9747924804688
sample_01021.jpg,oil_spot,0.77,170.96401977539062,533.8721923828125,296.26776123046875,637.4501953125
sample_01021.jpg,oil_spot,0.75,174.2712860107422,359.58697509765625,297.4727478027344,439.21002197265625
sample_01021.jpg,oil_spot,0.58,176.1741943359375,182.48838806152344,294.0799560546875,254.11465454101562
sample_01025.jpg,silk_spot,0.8,1005.8245849609375,130.16940307617188,1215.056640625,818.76708984375
sample_01026.jpg,silk_spot,0.71,646.4714965820312,123.52568054199219,895.7781372070312,869.8486328125
sample_01027.jpg,inclusion,0.28,1770.997314453125,419.1493225097656,1828.3988037109375,490.77978515625
sample_01027.jpg,inclusion,0.26,1239.2125244140625,81.02757263183594,1278.197265625,120.06880950927734
sample_01038.jpg,punching_hole,0.74,1819.3909912109375,485.0928649902344,1930.478515625,545.6329345703125
sample_01038.jpg,welding_line,0.42,16.854686737060547,307.0462341308594,2046.790771484375,393.7081604003906
sample_01038.jpg,welding_line,0.29,1.7216796875,327.99127197265625,2040.016845703125,417.91259765625
sample_01048.jpg,water_spot,0.96,1094.1826171875,634.6015014648438,1480.4713134765625,998.1238403320312
sample_01050.jpg,welding_line,0.7,3.6728515625,309.92779541015625,1869.4215087890625,392.27935791015625
sample_01050.jpg,punching_hole,0.65,0.0,494.82403564453125,31.3758544921875,554.56591796875
sample_01050.jpg,crescent_gap,0.65,1810.9791259765625,19.934473037719727,2047.275634765625,617.2825317382812
sample_01070.jpg,welding_line,0.63,0.0,767.74169921875,661.76904296875,844.5794067382812
sample_01070.jpg,crescent_gap,0.59,577.5388793945312,522.7337036132812,828.421875,991.1163330078125
sample_01075.jpg,silk_spot,0.72,824.9132690429688,42.13007736206055,1318.499755859375,914.603515625
sample_01076.jpg,crescent_gap,0.92,155.9436798095703,0.0,736.58935546875,494.3897399902344
sample_01077.jpg,punching_hole,0.76,1847.634765625,811.484375,1957.416015625,872.1949462890625
sample_01077.jpg,welding_line,0.65,1.214257836341858,640.3947143554688,2035.2103271484375,710.0451049804688
sample_01089.jpg,oil_spot,0.73,617.2005615234375,612.8135375976562,747.0283203125,715.2689208984375
sample_01089.jpg,oil_spot,0.32,621.9578857421875,611.34619140625,741.4813232421875,847.31689453125
sample_01099.jpg,silk_spot,0.49,1633.0169677734375,224.61337280273438,2046.255615234375,735.6847534179688
sample_01099.jpg,silk_spot,0.45,1629.5950927734375,220.8409423828125,2047.1334228515625,975.9005126953125
sample_01115.jpg,silk_spot,0.45,641.5661010742188,110.55876159667969,895.04541015625,836.2744140625
sample_01124.jpg,crescent_gap,0.83,838.43798828125,5.14111328125,1093.013916015625,238.19180297851562
sample_01144.jpg,inclusion,0.87,1526.8232421875,499.2579040527344,1706.881103515625,985.7990112304688
sample_01148.jpg,punching_hole,0.76,1839.381591796875,389.0264587402344,1949.8089599609375,449.66796875
sample_01148.jpg,welding_line,0.29,3.5726561546325684,0.0,2035.5718994140625,56.122802734375
sample_01158.jpg,punching_hole,0.76,79.51728820800781,545.8294067382812,197.48471069335938,612.7508544921875
sample_01158.jpg,welding_line,0.56,9.830469131469727,365.535400390625,2045.7640380859375,456.28851318359375
sample_01158.jpg,welding_line,0.31,6.491601467132568,0.0,2028.311767578125,53.0861930847168
sample_01162.jpg,punching_hole,0.78,99.43995666503906,59.087242126464844,206.5506134033203,121.09281158447266
sample_01166.jpg,silk_spot,0.25,530.9365234375,106.25010681152344,1020.9002685546875,503.12762451171875
sample_01169.jpg,silk_spot,0.76,1070.506591796875,8.421483993530273,1487.0777587890625,926.4025268554688
sample_01184.jpg,crescent_gap,0.7,972.8114013671875,169.795654296875,1240.002197265625,756.8189086914062
sample_01184.jpg,welding_line,0.67,0.0,418.44305419921875,1045.555419921875,506.02471923828125
sample_01190.jpg,crescent_gap,0.85,846.4896240234375,723.3909912109375,1044.916015625,1000.0
sample_01190.jpg,welding_line,0.53,969.5364990234375,949.4449462890625,2048.0,1000.0
sample_01211.jpg,waist_folding,0.27,933.21875,217.8951873779297,2023.887939453125,1000.0
sample_01216.jpg,water_spot,0.87,1068.1109619140625,256.1938781738281,1583.893310546875,758.6116333007812
sample_01219.jpg,waist_folding,0.46,198.9448699951172,38.02421951293945,1810.23046875,979.8193359375
sample_01222.jpg,punching_hole,0.73,77.44232177734375,90.3131332397461,185.60655212402344,151.12939453125
sample_01236.jpg,silk_spot,0.7,1752.3734130859375,409.3301696777344,1919.365966796875,829.0753784179688
sample_01248.jpg,silk_spot,0.78,199.8206024169922,72.134765625,818.4132690429688,913.9197387695312
sample_01252.jpg,welding_line,0.73,0.0,845.5349731445312,2044.036376953125,926.9509887695312
sample_01252.jpg,welding_line,0.4,1.9386718273162842,0.0,1994.6744384765625,50.724761962890625
sample_01258.jpg,welding_line,0.39,0.0,874.5275268554688,2045.77734375,968.8314208984375
sample_01262.jpg,punching_hole,0.75,106.4537582397461,380.9087829589844,222.40151977539062,447.630859375
sample_01262.jpg,welding_line,0.73,0.0,198.025146484375,1908.6923828125,273.1482849121094
sample_01262.jpg,crescent_gap,0.52,1855.005859375,3.864501953125,2047.965576171875,557.1146240234375
sample_01276.jpg,silk_spot,0.54,1622.6448974609375,87.1259765625,1837.7926025390625,782.5123291015625
sample_01280.jpg,waist_folding,0.33,1.8787109851837158,26.00146484375,746.0465087890625,714.4110717773438
sample_01281.jpg,waist_folding,0.39,23.633203506469727,32.343650817871094,2012.817626953125,743.1634521484375
sample_01281.jpg,waist_folding,0.34,43.34687423706055,259.83074951171875,2037.336669921875,1000.0
sample_01282.jpg,silk_spot,0.74,44.41143035888672,112.50883483886719,214.2326202392578,421.2178649902344
sample_01298.jpg,oil_spot,0.71,170.2892608642578,647.9005126953125,299.16265869140625,770.6434326171875
sample_01298.jpg,oil_spot,0.66,175.7088165283203,473.7012634277344,294.59197998046875,558.0042114257812
sample_01298.jpg,oil_spot,0.64,171.3841552734375,96.76432800292969,295.8394775390625,196.6477508544922
sample_01298.jpg,oil_spot,0.63,175.7732696533203,872.8707275390625,297.2471923828125,969.2687377929688
sample_01298.jpg,oil_spot,0.62,175.3459930419922,300.42291259765625,294.9693908691406,379.07733154296875
sample_01314.jpg,welding_line,0.67,7.829882621765137,941.14013671875,2047.3802490234375,1000.0
sample_01327.jpg,oil_spot,0.92,1675.009765625,721.8641967773438,1933.705810546875,989.9205322265625
sample_01327.jpg,oil_spot,0.29,1696.0347900390625,598.11279296875,1745.169189453125,655.0330810546875
sample_01328.jpg,punching_hole,0.76,1831.25390625,854.9150390625,1944.6875,917.4068603515625
sample_01332.jpg,crescent_gap,0.9,718.4033203125,0.24628905951976776,1244.264892578125,1000.0
sample_01332.jpg,welding_line,0.59,0.0,496.6997985839844,813.119873046875,585.9837646484375
sample_01340.jpg,silk_spot,0.7,989.0982666015625,38.38554763793945,1536.1669921875,894.6661987304688
sample_01345.jpg,water_spot,0.55,1802.260009765625,758.5595092773438,1965.7584228515625,990.9376831054688
sample_01345.jpg,inclusion,0.35,1911.6539306640625,650.8575439453125,1986.9124755859375,701.7254638671875
sample_01347.jpg,water_spot,0.37,1234.616943359375,689.0233154296875,1350.905029296875,827.1475830078125
sample_01354.jpg,silk_spot,0.36,0.08183594048023224,82.7100601196289,423.56329345703125,910.0989379882812
sample_01354.jpg,silk_spot,0.31,136.4734344482422,33.938087463378906,1622.9876708984375,874.39892578125
sample_01357.jpg,welding_line,0.69,2.979687452316284,713.7514038085938,2038.487060546875,803.0283813476562
sample_01360.jpg,welding_line,0.33,385.697265625,872.3303833007812,1919.219970703125,955.01806640625
sample_01361.jpg,crescent_gap,0.71,24.3914794921875,620.0455932617188,269.51727294921875,992.6671142578125
sample_01372.jpg,punching_hole,0.75,1858.5234375,27.423656463623047,1961.811767578125,85.58824157714844
sample_01390.jpg,silk_spot,0.76,862.6881103515625,32.717185974121094,1440.8935546875,898.5406494140625
sample_01391.jpg,water_spot,0.95,1557.6580810546875,199.2543487548828,1923.5550537109375,554.7222290039062
sample_01391.jpg,silk_spot,0.59,1013.9801025390625,165.2546844482422,1428.688232421875,916.3659057617188
sample_01397.jpg,inclusion,0.38,1535.943359375,65.49275207519531,1617.899169921875,130.81149291992188
sample_01404.jpg,water_spot,0.94,1185.211669921875,434.61700439453125,1560.696533203125,873.6597900390625
sample_01407.jpg,crescent_gap,0.8,408.85491943359375,0.4688720703125,637.7097778320312,146.01283264160156
sample_01422.jpg,inclusion,0.3,868.0841674804688,0.0,925.4142456054688,44.39580535888672
sample_01428.jpg,silk_spot,0.65,1425.8453369140625,67.15644836425781,2046.872314453125,915.4724731445312
sample_01436.jpg,oil_spot,0.75,1523.5230712890625,428.86322021484375,1731.106201171875,544.7866821289062
sample_01436.jpg,oil_spot,0.68,1537.0260009765625,670.7807006835938,1668.8492431640625,743.5215454101562
sample_01436.jpg,oil_spot,0.59,1537.2900390625,138.77346801757812,1629.178955078125,252.3341064453125
sample_01436.jpg,oil_spot,0.49,1538.096435546875,862.4918212890625,1690.931640625,995.8226318359375
sample_01436.jpg,oil_spot,0.38,1533.218505859375,434.3568420410156,1728.235595703125,580.5910034179688
sample_01436.jpg,oil_spot,0.35,1545.890625,547.5206298828125,1614.052001953125,604.6744995117188
sample_01436.jpg,oil_spot,0.26,1534.995361328125,927.9796142578125,1690.3109130859375,997.7674560546875
sample_01440.jpg,oil_spot,0.82,736.7798461914062,601.8895263671875,952.3392333984375,794.0281982421875
sample_01440.jpg,silk_spot,0.31,1006.201171875,60.0517578125,1254.2991943359375,936.3486328125
sample_01442.jpg,silk_spot,0.76,23.629688262939453,80.786865234375,300.07403564453125,567.5909423828125
sample_01455.jpg,crescent_gap,0.86,846.9171752929688,8.99267578125,1098.462646484375,331.49444580078125
sample_01455.jpg,welding_line,0.65,1030.667724609375,25.856189727783203,2048.0,95.1167221069336
sample_01456.jpg,oil_spot,0.71,1696.3414306640625,598.1364135742188,1756.839111328125,715.0748901367188
sample_01456.jpg,oil_spot,0.66,1535.989990234375,749.0277099609375,1699.0244140625,956.2960815429688
sample_01456.jpg,oil_spot,0.39,1532.4937744140625,749.18798828125,1697.87109375,896.3543701171875
sample_01456.jpg,oil_spot,0.33,1542.7513427734375,11.0859375,1623.9033203125,670.0135498046875
sample_01456.jpg,oil_spot,0.29,1545.393798828125,4.770251274108887,1647.4544677734375,146.50653076171875
sample_01456.jpg,oil_spot,0.27,1547.813232421875,592.7620239257812,1636.7113037109375,666.0997314453125
sample_01465.jpg,silk_spot,0.5,0.21320800483226776,50.13788986206055,236.1009979248047,908.7945556640625
sample_01465.jpg,inclusion,0.39,406.0428771972656,141.8376922607422,448.83612060546875,179.75454711914062
sample_01465.jpg,inclusion,0.35,401.09564208984375,269.13897705078125,435.622802734375,303.58868408203125
sample_01465.jpg,inclusion,0.35,450.7760314941406,77.73551940917969,487.8431091308594,118.9311752319336
sample_01465.jpg,inclusion,0.31,413.14886474609375,864.8948364257812,460.58001708984375,904.7438354492188
sample_01465.jpg,inclusion,0.29,411.97314453125,593.819091796875,441.3041076660156,625.897216796875
sample_01465.jpg,inclusion,0.25,399.6326599121094,268.9355773925781,440.1437072753906,313.82293701171875
sample_01477.jpg,crescent_gap,0.84,737.2736206054688,7.527368068695068,1070.432861328125,337.858642578125
sample_01478.jpg,oil_spot,0.83,1810.0924072265625,668.4619140625,1975.119384765625,887.1725463867188
sample_01478.jpg,oil_spot,0.8,1809.796875,4.128378391265869,1975.522705078125,106.11260986328125
sample_01478.jpg,oil_spot,0.62,1825.8853759765625,510.90496826171875,1971.8216552734375,658.2545776367188
sample_01489.jpg,water_spot,0.92,263.7481384277344,33.458984375,576.49267578125,984.2384643554688
sample_01498.jpg,silk_spot,0.78,1771.471435546875,662.3272705078125,1921.4163818359375,933.4069213867188
sample_01502.jpg,punching_hole,0.67,2020.3017578125,624.280029296875,2048.0,681.4197998046875
sample_01502.jpg,welding_line,0.34,0.934765636920929,442.00616455078125,2042.4984130859375,507.7103576660156
sample_01509.jpg,crescent_gap,0.72,1645.201904296875,157.25820922851562,1897.611328125,705.0929565429688
sample_01509.jpg,welding_line,0.7,1824.1370849609375,422.88983154296875,2048.0,504.46160888671875
sample_01514.jpg,inclusion,0.37,1550.337890625,58.9782829284668,1611.912353515625,106.165771484375
sample_01514.jpg,inclusion,0.34,1544.2962646484375,55.6652717590332,1619.761962890625,113.16961669921875
sample_01514.jpg,inclusion,0.26,1434.6136474609375,170.8372039794922,1506.849853515625,233.2138671875
sample_01517.jpg,punching_hole,0.67,2004.034423828125,695.67041015625,2047.57421875,753.70361328125
sample_01517.jpg,welding_line,0.56,16.241405487060547,518.3831787109375,2044.6429443359375,589.06787109375
sample_01520.jpg,punching_hole,0.75,89.02757263183594,688.9432373046875,202.3856201171875,755.2203369140625
sample_01520.jpg,welding_line,0.69,0.0,512.2601318359375,2039.8798828125,582.3394775390625
sample_01531.jpg,silk_spot,0.73,1046.9091796875,79.3497543334961,1298.9661865234375,789.7698974609375
sample_01536.jpg,water_spot,0.69,1400.612060546875,362.8843688964844,2046.2523193359375,995.2054443359375
sample_01550.jpg,water_spot,0.91,989.259765625,440.98223876953125,1498.074951171875,998.6687622070312
sample_01552.jpg,crescent_gap,0.79,1451.395263671875,444.34619140625,1698.57421875,997.3233642578125
sample_01552.jpg,welding_line,0.69,1631.8692626953125,674.7753295898438,2048.0,747.5932006835938
sample_01562.jpg,inclusion,0.69,1792.953857421875,250.7938995361328,1964.94140625,344.74847412109375
sample_01562.jpg,inclusion,0.43,1844.747314453125,253.05850219726562,1969.4605712890625,350.29461669921875
sample_01562.jpg,inclusion,0.37,1901.4046630859375,278.2830810546875,1955.071044921875,338.7709655761719
sample_01562.jpg,inclusion,0.28,1896.458740234375,272.2101745605469,1965.9420166015625,345.97015380859375
sample_01574.jpg,silk_spot,0.78,974.7673950195312,301.75396728515625,1437.2333984375,856.1481323242188
sample_01574.jpg,silk_spot,0.71,373.5030212402344,432.68994140625,687.2605590820312,872.2517700195312
sample_01574.jpg,silk_spot,0.57,839.9552612304688,19.401391983032227,1051.6197509765625,195.27047729492188
sample_01574.jpg,silk_spot,0.5,0.0,27.568212509155273,262.89935302734375,395.6446838378906
sample_01574.jpg,silk_spot,0.49,996.6048583984375,443.86456298828125,1372.759521484375,861.0007934570312
sample_01574.jpg,oil_spot,0.34,1858.190673828125,501.1275329589844,2048.0,726.2093505859375
sample_01590.jpg,waist_folding,0.4,1217.5682373046875,508.3304748535156,1380.117431640625,872.6187744140625
sample_01605.jpg,silk_spot,0.79,780.1920166015625,27.827342987060547,1355.957275390625,922.1730346679688
sample_01616.jpg,silk_spot,0.79,824.7136840820312,22.950389862060547,1423.873779296875,904.7156372070312
sample_01618.jpg,silk_spot,0.61,769.2213134765625,23.718799591064453,1363.4013671875,759.8681030273438
sample_01622.jpg,punching_hole,0.75,1794.387939453125,820.8843994140625,1912.4293212890625,890.2078247070312
sample_01622.jpg,welding_line,0.73,0.0,631.9591064453125,2041.682373046875,728.0425415039062
sample_01624.jpg,welding_line,0.71,1300.147216796875,714.56982421875,2048.0,814.3303833007812
sample_01628.jpg,waist_folding,0.72,3.2757811546325684,177.16061401367188,1974.807861328125,931.8483276367188
sample_01630.jpg,rolled_pit,0.33,1315.4091796875,778.0438842773438,1538.7318115234375,921.4669799804688
sample_01630.jpg,oil_spot,0.27,1316.172119140625,775.4228515625,1541.198974609375,923.6296997070312
sample_01630.jpg,inclusion,0.27,1312.6109619140625,784.4172973632812,1542.201904296875,905.0188598632812
sample_01640.jpg,punching_hole,0.77,94.42607879638672,578.4542236328125,209.513916015625,643.1292724609375
sample_01640.jpg,welding_line,0.72,0.0,391.2666931152344,2042.0960693359375,477.70458984375
sample_01666.jpg,oil_spot,0.86,803.9606323242188,266.724609375,989.12939453125,375.1737365722656
sample_01673.jpg,water_spot,0.9,549.8758544921875,723.1822509765625,846.0661010742188,999.8486328125
sample_01676.jpg,water_spot,0.92,1573.734375,659.4632568359375,1934.1129150390625,993.5925903320312
sample_01676.jpg,silk_spot,0.25,726.4095458984375,97.3475570678711,1359.6566162109375,900.2786865234375
sample_01681.jpg,silk_spot,0.79,808.4337768554688,33.891845703125,1424.781982421875,738.9177856445312
sample_01686.jpg,water_spot,0.91,1198.235595703125,605.45703125,1507.7327880859375,938.7664794921875
sample_01688.jpg,water_spot,0.3,212.79891967773438,34.57548904418945,455.408447265625,1000.0
sample_01689.jpg,inclusion,0.35,1824.638671875,864.86279296875,1909.337158203125,956.2385864257812
sample_01689.jpg,inclusion,0.35,1266.7232666015625,212.82180786132812,1334.849853515625,271.30584716796875
sample_01689.jpg,water_spot,0.29,1776.361328125,32.484642028808594,2018.2327880859375,349.8481750488281
sample_01689.jpg,inclusion,0.28,1839.6195068359375,892.5753173828125,1905.1448974609375,952.0418701171875
sample_01690.jpg,silk_spot,0.54,636.4019775390625,142.3454132080078,896.1383666992188,837.6510009765625
sample_01696.jpg,inclusion,0.61,107.3326187133789,68.5376968383789,222.4017333984375,906.66943359375
sample_01696.jpg,inclusion,0.38,127.1357650756836,272.5520324707031,202.8728790283203,600.6173095703125
sample_01696.jpg,inclusion,0.38,88.98355102539062,244.04501342773438,237.8520050048828,943.3092041015625
sample_01696.jpg,inclusion,0.3,123.4100341796875,269.0721130371094,204.4173583984375,479.40673828125
sample_01700.jpg,waist_folding,0.84,1415.2998046875,4.287695407867432,2048.0,1000.0
sample_01714.jpg,silk_spot,0.65,997.1365356445312,110.44144439697266,1238.269775390625,495.3147888183594
sample_01714.jpg,silk_spot,0.29,1012.115234375,130.8921661376953,1259.9429931640625,846.1064453125
sample_01720.jpg,welding_line,0.66,0.0,529.8368530273438,659.241943359375,586.525146484375
sample_01742.jpg,waist_folding,0.66,1045.1685791015625,88.6112289428711,1507.918212890625,890.1611328125
sample_01742.jpg,waist_folding,0.48,1039.489501953125,89.30216979980469,1701.62890625,878.7960815429688
sample_01743.jpg,welding_line,0.62,0.0,785.5340576171875,1998.461669921875,865.7473754882812
sample_01743.jpg,punching_hole,0.56,102.44294738769531,967.4219970703125,207.84750366210938,1000.0
sample_01743.jpg,crescent_gap,0.55,1916.4976806640625,520.0086669921875,2047.833251953125,1000.0
sample_01743.jpg,inclusion,0.32,1475.818115234375,99.2532958984375,1535.615966796875,156.10580444335938
sample_01757.jpg,oil_spot,0.94,293.8385314941406,20.269628524780273,508.9093322753906,986.6602783203125
sample_01760.jpg,silk_spot,0.63,1613.077880859375,383.7005615234375,1788.087158203125,964.8748168945312
sample_01762.jpg,silk_spot,0.32,394.0785217285156,0.0,1210.583984375,694.0724487304688
sample_01767.jpg,crescent_gap,0.85,851.8994140625,8.190942764282227,1124.896240234375,389.9682922363281
sample_01767.jpg,welding_line,0.66,1045.5325927734375,154.1260528564453,2044.6109619140625,211.14834594726562
sample_01771.jpg,crescent_gap,0.85,847.6062622070312,5.090063571929932,1112.7672119140625,264.06768798828125
sample_01777.jpg,punching_hole,0.73,79.945068359375,642.4742431640625,196.2487030029297,708.9019775390625
sample_01777.jpg,welding_line,0.4,128.57699584960938,471.7325744628906,1663.645751953125,538.9876708984375
sample_01777.jpg,welding_line,0.33,11.551953315734863,466.27313232421875,2046.669921875,554.9420776367188
sample_01777.jpg,welding_line,0.27,0.0,0.0,1338.5401611328125,33.870849609375
sample_01780.jpg,silk_spot,0.51,737.2318115234375,84.81278991699219,1135.675048828125,842.3609619140625
sample_01787.jpg,silk_spot,0.85,801.3665161132812,58.301025390625,1358.4871826171875,689.259033203125
sample_01787.jpg,silk_spot,0.3,0.0,63.65336990356445,159.2214813232422,500.7877502441406
sample_01796.jpg,punching_hole,0.76,75.98857116699219,149.2117156982422,189.91415405273438,214.4167938232422
sample_01796.jpg,welding_line,0.47,0.0,0.0,2038.075439453125,52.95317459106445
sample_01799.jpg,silk_spot,0.76,974.3504028320312,24.1474609375,1418.401611328125,892.8021240234375
sample_01801.jpg,silk_spot,0.78,1055.6507568359375,54.001853942871094,1398.8433837890625,902.8653564453125
sample_01803.jpg,silk_spot,0.52,81.7650375366211,549.39794921875,498.8612365722656,896.4876098632812
sample_01803.jpg,silk_spot,0.26,98.73983001708984,548.46728515625,458.33349609375,801.7018432617188
sample_01806.jpg,inclusion,0.3,888.3136596679688,910.6131591796875,958.1597900390625,1000.0
sample_01821.jpg,silk_spot,0.64,798.173583984375,33.92890548706055,1318.142822265625,833.2249755859375
sample_01823.jpg,silk_spot,0.5,427.25994873046875,271.14227294921875,653.8810424804688,640.2102661132812
sample_01830.jpg,water_spot,0.85,342.1786193847656,23.67431640625,843.6419677734375,935.0926513671875
sample_01842.jpg,rolled_pit,0.55,367.8046875,432.7088928222656,1503.9163818359375,736.8595581054688
sample_01842.jpg,crease,0.29,455.0712890625,423.2832946777344,1473.6282958984375,742.11083984375
sample_01842.jpg,crease,0.26,495.4917907714844,150.0860595703125,988.8306884765625,380.33428955078125
sample_01848.jpg,silk_spot,0.65,565.5045166015625,22.411815643310547,1388.572021484375,939.2991943359375
sample_01853.jpg,oil_spot,0.71,1543.4976806640625,262.26544189453125,1629.9593505859375,577.880859375
sample_01853.jpg,oil_spot,0.64,1616.580322265625,0.0,1689.0025634765625,47.3751106262207
sample_01853.jpg,oil_spot,0.47,1622.91552734375,130.3404083251953,1696.4937744140625,198.28121948242188
sample_01853.jpg,oil_spot,0.33,1537.264892578125,0.0,1629.0328369140625,594.1396484375
sample_01853.jpg,oil_spot,0.31,1610.255126953125,749.43994140625,1699.887939453125,843.9318237304688
sample_01853.jpg,oil_spot,0.29,1541.119384765625,793.061279296875,1609.937255859375,987.3894653320312
sample_01853.jpg,oil_spot,0.26,1558.6265869140625,0.0,1701.2191162109375,46.119712829589844
sample_01859.jpg,welding_line,0.65,1339.9449462890625,567.2862548828125,2044.8284912109375,621.5174560546875
sample_01860.jpg,crescent_gap,0.79,524.1114501953125,695.0131225585938,819.1781005859375,999.6560668945312
sample_01873.jpg,water_spot,0.91,1144.5999755859375,635.7351684570312,1563.182373046875,1000.0
sample_01881.jpg,water_spot,0.9,350.0076904296875,353.9505615234375,768.0833129882812,986.2005615234375
sample_01886.jpg,punching_hole,0.79,2017.048828125,814.5001220703125,2047.99609375,874.6973876953125
sample_01886.jpg,welding_line,0.69,0.236328125,634.5349731445312,2048.0,718.3275146484375
sample_01886.jpg,punching_hole,0.37,2005.553955078125,810.6482543945312,2047.770263671875,877.6447143554688
sample_01889.jpg,oil_spot,0.69,449.4600524902344,697.9661254882812,626.8492431640625,978.7077026367188
sample_01889.jpg,oil_spot,0.59,404.78289794921875,21.288158416748047,482.99786376953125,312.18231201171875
sample_01889.jpg,oil_spot,0.31,399.1744689941406,15.48583984375,505.37750244140625,332.44805908203125
sample_01892.jpg,inclusion,0.4,253.47909545898438,109.88407897949219,336.482666015625,605.6340942382812
sample_01894.jpg,silk_spot,0.84,1068.249267578125,42.350685119628906,1445.8902587890625,884.0099487304688
sample_01906.jpg,punching_hole,0.78,100.97200012207031,114.9110107421875,214.4795379638672,178.4548797607422
sample_01906.jpg,welding_line,0.32,0.0,0.0,2040.9293212890625,50.3901481628418
sample_01909.jpg,crescent_gap,0.82,495.8187561035156,5.016699314117432,735.7879028320312,223.1786346435547
sample_01912.jpg,punching_hole,0.57,1846.2545166015625,0.0,1960.265869140625,39.87636184692383
sample_01924.jpg,silk_spot,0.89,224.4311981201172,67.673828125,509.85882568359375,950.2365112304688
sample_01929.jpg,oil_spot,0.9,1427.850830078125,56.63786697387695,1632.0225830078125,268.05133056640625
sample_01932.jpg,silk_spot,0.62,1731.407470703125,104.6983871459961,1920.010498046875,593.3775634765625
sample_01938.jpg,crescent_gap,0.67,527.5882568359375,859.61865234375,723.6683349609375,998.7825317382812
sample_01945.jpg,punching_hole,0.76,92.42133331298828,559.6383666992188,206.4528350830078,624.8707275390625
sample_01945.jpg,welding_line,0.55,8.389452934265137,377.81402587890625,2048.0,455.4751892089844
sample_01961.jpg,silk_spot,0.49,1129.617919921875,0.0,1560.553955078125,364.0450134277344
sample_01961.jpg,silk_spot,0.46,1153.6944580078125,692.9053955078125,1518.382568359375,980.3800659179688
sample_01961.jpg,silk_spot,0.34,1228.173583984375,770.1692504882812,1499.71044921875,994.3917236328125
sample_01965.jpg,welding_line,0.68,2.7787108421325684,728.1181640625,2046.163330078125,817.9019775390625
sample_01965.jpg,punching_hole,0.64,1805.2252197265625,920.0032348632812,1916.7529296875,984.4639892578125
sample_01968.jpg,silk_spot,0.71,715.8990478515625,17.8953857421875,948.6654052734375,213.2104034423828
sample_01968.jpg,silk_spot,0.62,1245.139404296875,79.2415542602539,1416.377685546875,576.6761474609375
sample_01981.jpg,water_spot,0.87,553.685546875,736.7626953125,768.53125,996.8013916015625
sample_01991.jpg,silk_spot,0.64,775.9326782226562,45.268409729003906,1206.9931640625,530.40966796875
sample_01991.jpg,silk_spot,0.53,1268.7021484375,217.1843719482422,1481.162109375,475.451416015625
sample_01991.jpg,silk_spot,0.42,481.9256896972656,227.45346069335938,590.7669067382812,422.63494873046875
sample_01991.jpg,silk_spot,0.36,673.8606567382812,572.5357666015625,854.6123046875,861.3140869140625
sample_01993.jpg,waist_folding,0.49,7.171679496765137,77.20820617675781,800.8009033203125,960.6929931640625
sample_02011.jpg,silk_spot,0.33,122.67729187011719,586.3224487304688,568.226806640625,897.5213012695312
sample_02011.jpg,silk_spot,0.29,992.4328002929688,76.4091796875,1790.575927734375,864.6778564453125
sample_02023.jpg,oil_spot,0.84,1605.8978271484375,599.5941162109375,1836.6646728515625,873.8414916992188
sample_02027.jpg,punching_hole,0.74,2000.22265625,657.1599731445312,2047.4605712890625,717.40234375
sample_02027.jpg,welding_line,0.44,19.975780487060547,469.3623962402344,2042.65625,555.84619140625
sample_02027.jpg,welding_line,0.28,34.9775390625,470.6394958496094,1561.267333984375,543.2545166015625
sample_02030.jpg,punching_hole,0.8,1846.9937744140625,89.8346176147461,1959.703125,151.416259765625
sample_02039.jpg,silk_spot,0.6,1108.272705078125,86.857666015625,1377.1439208984375,773.3897094726562
sample_02047.jpg,silk_spot,0.74,1647.774658203125,257.56634521484375,1944.684814453125,526.6983032226562
sample_02047.jpg,silk_spot,0.64,1207.126953125,320.0356140136719,1598.8616943359375,750.0905151367188
sample_02047.jpg,silk_spot,0.57,735.9224853515625,26.83612632751465,903.1931762695312,220.944580078125
sample_02050.jpg,welding_line,0.72,1369.3916015625,563.4158935546875,2048.0,649.80224609375
sample_02050.jpg,crescent_gap,0.7,1139.3343505859375,332.66583251953125,1444.4632568359375,911.6843872070312
sample_02074.jpg,crescent_gap,0.83,882.0517578125,813.8173828125,1082.8486328125,999.6705322265625
sample_02077.jpg,inclusion,0.26,365.359130859375,131.23963928222656,490.07855224609375,263.19970703125
sample_02080.jpg,water_spot,0.32,1006.6609497070312,42.16376876831055,1226.729248046875,976.7590942382812
sample_02102.jpg,silk_spot,0.61,994.8460693359375,58.23291015625,1636.946533203125,863.056640625
sample_02102.jpg,silk_spot,0.26,993.8603515625,56.788185119628906,1408.7698974609375,900.1749267578125
sample_02105.jpg,punching_hole,0.78,2000.3883056640625,699.4732666015625,2047.610107421875,759.9848022460938
sample_02105.jpg,welding_line,0.71,0.0,529.3861083984375,2024.8121337890625,593.4490356445312
sample_02105.jpg,rolled_pit,0.69,1851.739013671875,74.76175689697266,2047.577392578125,338.955322265625
sample_02105.jpg,welding_line,0.41,97.4652328491211,526.1066284179688,2042.5074462890625,578.6480712890625
sample_02105.jpg,welding_line,0.31,9.315234184265137,0.0,2017.674560546875,47.05914306640625
sample_02105.jpg,welding_line,0.27,0.0,0.0,1508.5318603515625,35.35377502441406
sample_02107.jpg,oil_spot,0.73,1678.151123046875,340.36474609375,1762.576904296875,482.32373046875
sample_02107.jpg,oil_spot,0.69,1697.1773681640625,174.93698120117188,1747.662109375,271.02056884765625
sample_02107.jpg,oil_spot,0.41,1538.262939453125,161.0359649658203,1623.4801025390625,228.3441162109375
sample_02107.jpg,oil_spot,0.39,1535.455810546875,83.35746765136719,1625.518798828125,231.5637664794922
sample_02107.jpg,oil_spot,0.38,1537.826171875,127.75334167480469,1625.767578125,226.60647583007812
sample_02107.jpg,oil_spot,0.36,1537.0849609375,343.72662353515625,1762.4544677734375,492.8184509277344
sample_02107.jpg,oil_spot,0.35,1534.3502197265625,345.7568359375,1702.959228515625,784.07080078125
sample_02107.jpg,oil_spot,0.27,1535.8759765625,343.1789245605469,1683.5943603515625,483.486328125
sample_02114.jpg,welding_line,0.68,0.0,165.22140502929688,986.1917724609375,227.7340850830078
sample_02117.jpg,oil_spot,0.5,343.6136169433594,746.6137084960938,470.2767028808594,894.466796875
sample_02117.jpg,oil_spot,0.42,252.5420379638672,214.7725067138672,464.66204833984375,354.68255615234375
sample_02117.jpg,oil_spot,0.42,340.93359375,727.4013671875,502.986328125,893.162109375
sample_02135.jpg,punching_hole,0.72,88.26447296142578,133.5467529296875,198.8377227783203,195.913818359375
sample_02139.jpg,welding_line,0.73,0.0,165.88011169433594,845.5485229492188,240.4292449951172
sample_02151.jpg,silk_spot,0.7,904.8306884765625,54.24951171875,1483.687744140625,881.13134765625
sample_02159.jpg,silk_spot,0.43,0.572705090045929,100.19267272949219,413.6239318847656,841.6328125
sample_02174.jpg,inclusion,0.46,714.7279052734375,315.3251037597656,780.4802856445312,384.2450256347656
sample_02174.jpg,inclusion,0.31,722.2642211914062,322.15179443359375,775.2078857421875,379.7272644042969
sample_02183.jpg,water_spot,0.79,582.8507080078125,455.70440673828125,784.6439208984375,650.5709838867188
sample_02204.jpg,punching_hole,0.74,83.3972396850586,149.7686309814453,200.1983184814453,217.66049194335938
sample_02204.jpg,welding_line,0.52,0.0,0.0,2037.815185546875,53.62297821044922
sample_02212.jpg,silk_spot,0.33,1430.972412109375,446.07763671875,1710.0823974609375,795.39599609375
sample_02214.jpg,silk_spot,0.3,641.9436645507812,119.67695617675781,887.2244873046875,845.4984130859375
sample_02222.jpg,punching_hole,0.73,84.17720031738281,0.0,192.84170532226562,52.02434539794922
sample_02244.jpg,welding_line,0.65,1188.585205078125,458.43438720703125,2048.0,544.6857299804688
sample_02249.jpg,waist_folding,0.79,38.70624923706055,0.0,1886.2711181640625,1000.0
sample_02277.jpg,oil_spot,0.87,631.83837890625,158.69760131835938,803.9928588867188,696.107177734375
sample_02277.jpg,oil_spot,0.58,575.0270385742188,831.4362182617188,712.3805541992188,927.4127807617188
sample_02277.jpg,oil_spot,0.45,579.6058349609375,0.0,647.9310302734375,174.72129821777344
sample_02277.jpg,oil_spot,0.32,584.809814453125,609.0579833984375,643.2969970703125,695.5890502929688
sample_02281.jpg,silk_spot,0.74,892.3089599609375,27.200000762939453,1449.108154296875,846.9937744140625
sample_02289.jpg,water_spot,0.84,1225.1058349609375,19.085216522216797,1634.7216796875,376.2312927246094
